Amazon Link,Image URL
https://www.amazon.com/Gallery-RELEASE-Club-Llithium-Chronicles-ebook/dp/B0DHT5CKKS/ref=sr_1_1?crid=3R4ZLJ161X6Q9&dib=eyJ2IjoiMSJ9.AxqEErvpNAHL8hQ_SBGI2B4D-2FIoDhJ8wMrqc_yIXPGjHj071QN20LucGBJIEps.T99ugp7vLXA20TOAn5Eb-aX_mb8BlVoPf6ziPIxRTSY&dib_tag=se&keywords=The+Gallery+CR+Allen&qid=1728063170&sprefix=the+gallery+cr+allen%2Caps%2C232&sr=8-1,https://m.media-amazon.com/images/I/81jGvOFhVgL._SL1500_.jpg
https://www.amazon.com/dp/B0FQ3F4F62?ref=cm_sw_r_ffobk_cp_ud_dp_HG2CY9XYPGHA5A2RGPTP&ref_=cm_sw_r_ffobk_cp_ud_dp_HG2CY9XYPGHA5A2RGPTP&social_share=cm_sw_r_ffobk_cp_ud_dp_HG2CY9XYPGHA5A2RGPTP&bestFormat=true,https://m.media-amazon.com/images/I/71zaUWWVBsL._SL1430_.jpg
https://www.amazon.com/Keys-Kingdom-biography-schoolhouse-automotive/dp/B0D548RQPS/?_encoding=UTF8&pd_rd_w=a1Yyw&content-id=amzn1.sym.f76d456a-cb0d-44de-b7b0-670c26ce80ba&pf_rd_p=f76d456a-cb0d-44de-b7b0-670c26ce80ba&pf_rd_r=143-9198486-6756961&pd_rd_wg=3g0nW&pd_rd_r=43baf700-aa95-4ee7-9e99-1ff8e4d7eb2d&ref_=aufs_ap_sc_dsk,https://m.media-amazon.com/images/I/714EhIYpRJL._SL1329_.jpg
https://amzn.to/3UsXpS3,https://m.media-amazon.com/images/I/812TL-vjJpL._SL1382_.jpg
https://amzn.to/3vXHAZA,https://m.media-amazon.com/images/I/71LlQ9AS+sL._SL1500_.jpg
https://amzn.to/3w28r6N,https://m.media-amazon.com/images/I/51DwSNZCOEL._SL1500_.jpg
https://amzn.to/48UDMGU,https://m.media-amazon.com/images/I/71g7wEduS5L._SL1500_.jpg
https://www.amazon.com/Leader-Self-Self-Aware-Leadership-Harnessing/dp/B0D7TL6JWX/ref=sr_1_1?crid=3BL0IQXP6GE8R&dib=eyJ2IjoiMSJ9.D3-UfbEQ8kUC_ZIj1awOUQ.wPxGdCoFhkeSIOQRUlVbe6ei1kAX709AWZb6xwU0UzQ&dib_tag=se&keywords=My+Leader+my+self+teniqua&qid=1728063735&sprefix=my+leader+my+self+teniqua%2Caps%2C127&sr=8-1,https://m.media-amazon.com/images/I/517ZWRiyi2L._SL1500_.jpg
https://amzn.to/42mAc5Q,https://m.media-amazon.com/images/I/81Sobe9vb8L._SL1500_.jpg
https://amzn.to/48T6Mii,https://m.media-amazon.com/images/I/81lyIMOzU7L._SL1500_.jpg
https://amzn.to/49jxTTv,https://m.media-amazon.com/images/I/81Z8DJtxTqL._SL1500_.jpg
https://amzn.to/3SEN0kS,https://m.media-amazon.com/images/I/71mwLmyxnJL._SL1360_.jpg
https://amzn.to/3w0NxVu,https://m.media-amazon.com/images/I/61m57itXeHL._SL1024_.jpg
https://amzn.to/47UBEO8,https://m.media-amazon.com/images/I/61P3gALWdIL._SL1360_.jpg